{"graph_0": {"_type": "graph-file", "path": "media/graph/graph_0_summary_706d9177.graph.json", "sha256": "706d917777f63826f5dce4be143ce91591288a4fa13f8cf269e03fb1b409732e", "size": 740}, "sketch_train_class_acc": 0.7002749770852429, "_step": 2, "_timestamp": 1589885761.4585402, "sketch_train_class_loss": 1.0281580310912442, "sketch_train_total_loss": 1.6201378107070923, "sketch_train_domain_acc": 0.6872593950504124, "sketch_train_domain_loss": 0.7133570256088985, "sketch_train_entropy_loss": 0.0, "_runtime": 117.88566851615906, "sketch_epoch": 0, "sketch_eval_source_class_loss": 0.42567214870570713, "sketch_eval_source_acc": 0.8616144975288303, "sketch_eval_target_acc": 0.5479765843726139, "sketch_eval_target_class_loss": 1.1791199024896581}
