{"graph_0": {"_type": "graph-file", "path": "media/graph/graph_0_summary_42535f58.graph.json", "sha256": "42535f58a7d0c928bc1be2f4f92efdb57d0507c960e756675af234c01014aa59", "size": 740}, "photo_train_class_loss": 1.1591882119830856, "photo_train_domain_loss": 0.5063850482304891, "photo_train_class_acc": 0.6498397435897436, "photo_train_domain_acc": 0.795673076923077, "_timestamp": 1589886529.488291, "_runtime": 35.73826050758362, "_step": 2, "photo_epoch": 0, "photo_train_entropy_loss": 0.6852246334410121, "photo_train_total_loss": 1.0327403545379639, "photo_eval_source_acc": 0.751500600240096, "photo_eval_source_class_loss": 0.6619602833189169, "photo_eval_target_class_loss": 0.45849008075669856, "photo_eval_target_acc": 0.8401197604790419}
